epoch,time,train/box_loss,train/cls_loss,train/dfl_loss,metrics/precision(B),metrics/recall(B),metrics/mAP50(B),metrics/mAP50-95(B),val/box_loss,val/cls_loss,val/dfl_loss,lr/pg0,lr/pg1,lr/pg2
1,77.4378,1.9749,1.7246,1.23636,0.7256,0.41943,0.47314,0.22855,1.68859,1.17024,1.11848,0.00332861,0.00332861,0.00332861
2,141.813,1.80355,1.18198,1.10127,0.75794,0.42642,0.48963,0.24747,1.64715,1.04334,1.09935,0.00659599,0.00659599,0.00659599
3,207.041,1.8009,1.11474,1.08844,0.75416,0.42142,0.48848,0.24963,1.64054,1.00508,1.09863,0.00979737,0.00979737,0.00979737
